Row,CI_1,CI_2
95.0%,1.05949303524484,1.18542218394655
97.5%,1.05049809605186,1.19441712313953
99.0%,1.03957566988895,1.20533954930243
