Row,CI_1,CI_2
95.0%,0.183022500412776,0.200459387910895
97.5%,0.181777008448624,0.201704879875046
99.0%,0.180264625349298,0.203217262974372
