Row,CI_1,CI_2
95.0%,1.13139316686475,1.26792006353537
97.5%,1.12164124567399,1.27767198472613
99.0%,1.10979962708521,1.2895136033149
