Row,CI_1,CI_2
95.0%,0.119541303379069,0.135502094192342
97.5%,0.118401246892407,0.136642150679005
99.0%,0.117016892587174,0.138026504984238
